{
  "total_tokens_processed": 557511,
  "total_features": 3840,
  "active_features": 3162,
  "dead_features": 678,
  "percent_alive": 82.34375,
  "top_k": 64,
  "model_config": {
    "input_dim": 768,
    "hidden_dim": 3840,
    "k": 64
  },
  "activation_stats": {
    "mean": 11284.220113851992,
    "median": 6483.5,
    "std": 18552.332350554054,
    "min": 1,
    "max": 524240
  }
}